<powerpagecomponent powerpagecomponentid="294a4c95-b96a-40ba-9591-c4b3d087daec">
  <content>{"adx_websiteaccess_webrole":["7d6de95e-c04d-4580-ac51-035b993fd52d"],"managecontentsnippets":true,"managesitemarkers":true,"manageweblinksets":true,"previewunpublishedentities":true}</content>
  <iscustomizable>1</iscustomizable>
  <name>Permissões administrativas para o Modelo em Branco</name>
  <powerpagecomponenttype>12</powerpagecomponenttype>
  <powerpagesiteid>
    <powerpagesiteid>0e7159e0-e541-4d95-a15a-0c585782608b</powerpagesiteid>
  </powerpagesiteid>
  <statecode>0</statecode>
  <statuscode>1</statuscode>
</powerpagecomponent>