<powerpagecomponent powerpagecomponentid="22e1ae0c-5d21-449d-b010-9558f03e2788">
  <content>{
  "disablepagevalidation": false,
  "displayimageonly": false,
  "displayorder": 1,
  "displaypagechildlinks": false,
  "openinnewwindow": false,
  "pageid": "c2931c24-f329-4c31-91e1-7b8e77915d4e",
  "publishingstateid": "03266b8e-8e94-43f7-ab73-71a3004533d5",
  "robotsfollowlink": true,
  "weblinksetid": "837701e2-35d7-45e6-b1ef-453fba2a6563"
}</content>
  <iscustomizable>1</iscustomizable>
  <name>Perfil</name>
  <powerpagecomponenttype>5</powerpagecomponenttype>
  <powerpagesiteid>
    <powerpagesiteid>0e7159e0-e541-4d95-a15a-0c585782608b</powerpagesiteid>
  </powerpagesiteid>
  <statecode>0</statecode>
  <statuscode>1</statuscode>
</powerpagecomponent>