<powerpagecomponent powerpagecomponentid="5152fa49-4ae3-48b7-b793-1518b79572a7">
  <content>{"enablerating":false,"enabletracking":false,"excludefromsearch":false,"hiddenfromsitemap":true,"isroot":false,"pagetemplateid":"94ec831f-9ca5-4eb6-8d85-399fbbe8c01c","parentpageid":"ce22aa4c-3660-4ff1-82f9-fc80d8854561","partialurl":"search","publishingstateid":"03266b8e-8e94-43f7-ab73-71a3004533d5","rootwebpageid":"ac6e6c5a-dbbf-4e3c-92a1-39cc06707013","sharedpageconfiguration":false,"title":""}</content>
  <iscustomizable>1</iscustomizable>
  <name>Pesquisar</name>
  <powerpagecomponenttype>2</powerpagecomponenttype>
  <powerpagesiteid>
    <powerpagesiteid>0e7159e0-e541-4d95-a15a-0c585782608b</powerpagesiteid>
  </powerpagesiteid>
  <powerpagesitelanguageid>
    <powerpagesitelanguageid>e40fcc8d-d85c-4f43-877a-8d8317c22595</powerpagesitelanguageid>
  </powerpagesitelanguageid>
  <searchcontent>Pesquisar</searchcontent>
  <statecode>0</statecode>
  <statuscode>1</statuscode>
</powerpagecomponent>