<powerpagecomponent powerpagecomponentid="eb9d8ec5-ac04-4048-ac7f-7c0c6cad38cf">
  <content>{"displayorder":10,"enabletracking":false,"excludefromsearch":true,"hiddenfromsitemap":false,"parentpageid":"ce22aa4c-3660-4ff1-82f9-fc80d8854561","partialurl":"portalbasictheme.css","publishingstateid":"03266b8e-8e94-43f7-ab73-71a3004533d5"}</content>
  <filecontent mimetype="text/css">portalbasictheme.css</filecontent>
  <iscustomizable>1</iscustomizable>
  <name>portalbasictheme.css</name>
  <powerpagecomponenttype>3</powerpagecomponenttype>
  <powerpagesiteid>
    <powerpagesiteid>0e7159e0-e541-4d95-a15a-0c585782608b</powerpagesiteid>
  </powerpagesiteid>
  <statecode>0</statecode>
  <statuscode>1</statuscode>
</powerpagecomponent>