<powerpagecomponent powerpagecomponentid="2d07a373-705d-4758-a80d-2e35b9b71191">
  <content>{"description":"Um conjunto de opções de filtro de nome lógico de pesquisa. Definir um valor aqui acrescentará opções de filtro suspensas para pesquisa em todo o site.\n\nEste valor deve ser no formato de pares nome/valor, com nome e valor separados por dois-pontos e pares separados por ponto e vírgula. Por exemplo: \"Forums:adx_communityforum,adx_communityforumthread,adx_communityforumpost;Blogs:adx_blog,adx_blogpost,adx_blogpostcomment\"."}</content>
  <iscustomizable>1</iscustomizable>
  <name>search/filters</name>
  <powerpagecomponenttype>9</powerpagecomponenttype>
  <powerpagesiteid>
    <powerpagesiteid>0e7159e0-e541-4d95-a15a-0c585782608b</powerpagesiteid>
  </powerpagesiteid>
  <statecode>0</statecode>
  <statuscode>1</statuscode>
</powerpagecomponent>