{
  "properties": {
    "connectionReferences": {
      "shared_commondataserviceforapps": {
        "runtimeSource": "embedded",
        "connection": {
          "connectionReferenceLogicalName": "new_sharedcommondataserviceforapps_c3569"
        },
        "api": {
          "name": "shared_commondataserviceforapps"
        }
      }
    },
    "definition": {
      "$schema": "https://schema.management.azure.com/providers/Microsoft.Logic/schemas/2016-06-01/workflowdefinition.json#",
      "contentVersion": "1.0.0.0",
      "parameters": {
        "$connections": {
          "defaultValue": {},
          "type": "Object"
        },
        "$authentication": {
          "defaultValue": {},
          "type": "SecureObject"
        }
      },
      "triggers": {
        "manual": {
          "metadata": {
            "operationMetadataId": "ebba0aff-c59e-4b8f-b109-622c3383978b"
          },
          "type": "Request",
          "kind": "Http",
          "inputs": {
            "schema": {
              "type": "object",
              "properties": {
                "email": {
                  "type": "string"
                }
              }
            },
            "triggerAuthenticationType": "All"
          }
        }
      },
      "actions": {
        "Listar_linhas": {
          "runAfter": {
            "Inicializar_variável": [
              "Succeeded"
            ]
          },
          "metadata": {
            "operationMetadataId": "042acb40-da8c-4c98-bc2e-336f972fa9d4"
          },
          "type": "OpenApiConnection",
          "inputs": {
            "host": {
              "connectionName": "shared_commondataserviceforapps",
              "operationId": "ListRecords",
              "apiId": "/providers/Microsoft.PowerApps/apis/shared_commondataserviceforapps"
            },
            "parameters": {
              "entityName": "crf0d_tccnoticiases",
              "$filter": "crf0d_email eq '@{triggerBody()?['email']}'"
            },
            "authentication": "@parameters('$authentication')"
          }
        },
        "Resposta": {
          "runAfter": {
            "Condição": [
              "Succeeded"
            ]
          },
          "metadata": {
            "operationMetadataId": "22ab6cae-19f5-4ba3-b961-f33373aeaa6d"
          },
          "type": "Response",
          "kind": "Http",
          "inputs": {
            "statusCode": 200,
            "body": "@variables('message')",
            "schema": {
              "type": "object",
              "properties": {
                "status": {
                  "type": "string"
                },
                "totalResults": {
                  "type": "integer"
                },
                "articles": {
                  "type": "array",
                  "items": {
                    "type": "object",
                    "properties": {
                      "source": {
                        "type": "object",
                        "properties": {
                          "id": {},
                          "name": {
                            "type": "string"
                          }
                        }
                      },
                      "author": {
                        "type": "string"
                      },
                      "title": {
                        "type": "string"
                      },
                      "description": {
                        "type": "string"
                      },
                      "url": {
                        "type": "string"
                      },
                      "urlToImage": {
                        "type": "string"
                      },
                      "publishedAt": {
                        "type": "string"
                      },
                      "content": {
                        "type": "string"
                      }
                    },
                    "required": [
                      "source",
                      "author",
                      "title",
                      "description",
                      "url",
                      "urlToImage",
                      "publishedAt",
                      "content"
                    ]
                  }
                }
              }
            }
          }
        },
        "Inicializar_variável": {
          "runAfter": {},
          "metadata": {
            "operationMetadataId": "a509bb93-8b0b-48c4-ab1c-d825d99b9313"
          },
          "type": "InitializeVariable",
          "inputs": {
            "variables": [
              {
                "name": "message",
                "type": "string"
              }
            ]
          }
        },
        "Condição": {
          "actions": {
            "Definir_variável": {
              "runAfter": {},
              "metadata": {
                "operationMetadataId": "528d7252-ffe2-4cad-8a7f-455100cfcf15"
              },
              "type": "SetVariable",
              "inputs": {
                "name": "message",
                "value": "Nenhuma notícia encontrada"
              }
            }
          },
          "runAfter": {
            "Compor_2": [
              "Succeeded"
            ]
          },
          "else": {
            "actions": {
              "Definir_variável_2": {
                "runAfter": {},
                "metadata": {
                  "operationMetadataId": "467e4907-8612-41c6-a337-c1faeb081a00"
                },
                "type": "SetVariable",
                "inputs": {
                  "name": "message",
                  "value": "@{body('Listar_linhas')['value'][outputs('Compor_2')]['crf0d_noticia']}"
                }
              }
            }
          },
          "expression": {
            "equals": [
              "@length(body('Listar_linhas')['value'])",
              0
            ]
          },
          "metadata": {
            "operationMetadataId": "f35b5879-b5f2-4b03-b770-2e3b0538ac32"
          },
          "type": "If"
        },
        "Compor_2": {
          "runAfter": {
            "Listar_linhas": [
              "Succeeded"
            ]
          },
          "metadata": {
            "operationMetadataId": "f315659d-6c13-43b3-8d17-f9b8ff9570eb"
          },
          "type": "Compose",
          "inputs": "@rand(0, length(body('Listar_linhas')['value']))"
        }
      },
      "outputs": {}
    },
    "templateName": ""
  },
  "schemaVersion": "1.0.0.0"
}