<powerpagecomponent powerpagecomponentid="c896d387-18a0-4d31-a0fd-ef52e351ca62">
  <content>{"status":"enable","selectedThemeId":"f21551a1-7244-432f-ad88-220609e070d3","siteSettingId":"c896d387-18a0-4d31-a0fd-ef52e351ca62","version":"V2"}</content>
  <iscustomizable>1</iscustomizable>
  <name>ThemeFeature</name>
  <powerpagecomponenttype>9</powerpagecomponenttype>
  <powerpagesiteid>
    <powerpagesiteid>0e7159e0-e541-4d95-a15a-0c585782608b</powerpagesiteid>
  </powerpagesiteid>
  <statecode>0</statecode>
  <statuscode>1</statuscode>
</powerpagecomponent>