<powerpagecomponent powerpagecomponentid="a399fa7e-a025-4eb7-8c5d-01ae34b3ccf0">
  <content>{"description":"Intervalo de tempo em que Authentication/LoginThrottling/MaxInvaildAttemptsFromIPAddress deve estar, antes de o endereço IP precisar aguardar Authentication/LoginThrottling/IpAddressTimeoutTimeSpan. Padrão: 00:03:00 (3 min)","value":"00:03:00"}</content>
  <iscustomizable>1</iscustomizable>
  <name>Authentication/LoginThrottling/MaxAttemptsTimeLimitTimeSpan</name>
  <powerpagecomponenttype>9</powerpagecomponenttype>
  <powerpagesiteid>
    <powerpagesiteid>0e7159e0-e541-4d95-a15a-0c585782608b</powerpagesiteid>
  </powerpagesiteid>
  <statecode>0</statecode>
  <statuscode>1</statuscode>
</powerpagecomponent>