<powerpagecomponent powerpagecomponentid="aba48ad2-08f5-4894-a978-b2369c924c68">
  <content>{"description":"Nega o uso do portal a menores sem o consentimento dos pais. Por padrão, está definido como falso.","value":"false"}</content>
  <iscustomizable>1</iscustomizable>
  <name>Authentication/Registration/DenyMinorsWithoutParentalConsent</name>
  <powerpagecomponenttype>9</powerpagecomponenttype>
  <powerpagesiteid>
    <powerpagesiteid>0e7159e0-e541-4d95-a15a-0c585782608b</powerpagesiteid>
  </powerpagesiteid>
  <statecode>0</statecode>
  <statuscode>1</statuscode>
</powerpagecomponent>