<powerpagecomponent powerpagecomponentid="a3efd66e-1f2a-47ab-9be6-fdacd1bb653f">
  <content>{
  "description": "Define se o portal pode redirecionar ou não o usuário para a página de perfil após a entrada com êxito. Por padrão, ela está definida como verdadeiro.",
  "value": "false"
}</content>
  <iscustomizable>1</iscustomizable>
  <name>Authentication/Registration/ProfileRedirectEnabled</name>
  <powerpagecomponenttype>9</powerpagecomponenttype>
  <powerpagesiteid>
    <powerpagesiteid>0e7159e0-e541-4d95-a15a-0c585782608b</powerpagesiteid>
  </powerpagesiteid>
  <statecode>0</statecode>
  <statuscode>1</statuscode>
</powerpagecomponent>