<powerpagecomponent powerpagecomponentid="0774c9a1-6044-44a2-b007-f5daae2179f8">
  <content>{"description":"Um valor verdadeiro ou falso. Se definido como verdadeiro, o campo Último Logon com Êxito no contato do usuário do portal será atualizado com a data e a hora em que o logon foi feito com êxito.","value":"False"}</content>
  <iscustomizable>1</iscustomizable>
  <name>Authentication/LoginTrackingEnabled</name>
  <powerpagecomponenttype>9</powerpagecomponenttype>
  <powerpagesiteid>
    <powerpagesiteid>0e7159e0-e541-4d95-a15a-0c585782608b</powerpagesiteid>
  </powerpagesiteid>
  <statecode>0</statecode>
  <statuscode>1</statuscode>
</powerpagecomponent>