<powerpagecomponent powerpagecomponentid="5c09e97c-4c46-49fc-84d7-540458974819">
  <content>{"enablerating":false,"enabletracking":false,"excludefromsearch":true,"hiddenfromsitemap":true,"isroot":true,"pagetemplateid":"476500fa-b687-4e6b-9652-16f3cf7ac831","parentpageid":"ce22aa4c-3660-4ff1-82f9-fc80d8854561","partialurl":"access-denied","publishingstateid":"03266b8e-8e94-43f7-ab73-71a3004533d5","sharedpageconfiguration":false,"title":""}</content>
  <iscustomizable>1</iscustomizable>
  <name>Acesso Negado</name>
  <powerpagecomponenttype>2</powerpagecomponenttype>
  <powerpagesiteid>
    <powerpagesiteid>0e7159e0-e541-4d95-a15a-0c585782608b</powerpagesiteid>
  </powerpagesiteid>
  <searchcontent>Acesso Negado</searchcontent>
  <statecode>0</statecode>
  <statuscode>1</statuscode>
</powerpagecomponent>