<powerpagecomponent powerpagecomponentid="c2931c24-f329-4c31-91e1-7b8e77915d4e">
  <content>{"enablerating":false,"enabletracking":false,"excludefromsearch":false,"hiddenfromsitemap":true,"isroot":true,"pagetemplateid":"4849ae4b-1d3c-4e5f-8690-7b469fe6f3e5","parentpageid":"ce22aa4c-3660-4ff1-82f9-fc80d8854561","partialurl":"profile","publishingstateid":"03266b8e-8e94-43f7-ab73-71a3004533d5","sharedpageconfiguration":false,"title":"Perfil"}</content>
  <iscustomizable>1</iscustomizable>
  <name>Perfil</name>
  <powerpagecomponenttype>2</powerpagecomponenttype>
  <powerpagesiteid>
    <powerpagesiteid>0e7159e0-e541-4d95-a15a-0c585782608b</powerpagesiteid>
  </powerpagesiteid>
  <searchcontent>PerfilPerfil</searchcontent>
  <statecode>0</statecode>
  <statuscode>1</statuscode>
</powerpagecomponent>