<powerpagecomponent powerpagecomponentid="448a055d-91c2-4fa1-a61f-a8a941935885">
  <content>{"description":"Usado para agrupar um conjunto de entidades em uma entrada na exibição de faceta de tipo de registro.","value":"Downloads:annotation,adx_webfile"}</content>
  <iscustomizable>1</iscustomizable>
  <name>Search/RecordTypeFacetsEntities</name>
  <powerpagecomponenttype>9</powerpagecomponenttype>
  <powerpagesiteid>
    <powerpagesiteid>0e7159e0-e541-4d95-a15a-0c585782608b</powerpagesiteid>
  </powerpagesiteid>
  <statecode>0</statecode>
  <statuscode>1</statuscode>
</powerpagecomponent>