<powerpagecomponent powerpagecomponentid="29105855-0d90-4f18-adce-9c128df82c70">
  <content>{"description":"O prefixo inserido aqui será usado para filtrar o texto das anotações, permitindo que você controle as anotações expostas no Portal. Por exemplo, *WEB*","value":"*WEB*"}</content>
  <iscustomizable>1</iscustomizable>
  <name>KnowledgeManagement/NotesFilter</name>
  <powerpagecomponenttype>9</powerpagecomponenttype>
  <powerpagesiteid>
    <powerpagesiteid>0e7159e0-e541-4d95-a15a-0c585782608b</powerpagesiteid>
  </powerpagesiteid>
  <statecode>0</statecode>
  <statuscode>1</statuscode>
</powerpagecomponent>