<powerpagecomponent powerpagecomponentid="1b3a572f-1a23-4060-a084-6e621987df42">
  <content>{
  "display_name": "Cabeçalho Móvel",
  "type": 756150001,
  "value": "&lt;a href=\"~/\"&gt;&lt;img src=\"/imageLogo.png\" alt=\"Alfred News\" style=\"width: auto; height: 32px; margin: 0 10px;\"&gt;\n  &lt;h1 class=\"siteTitle\"&gt;Alfred News&lt;/h1&gt;\n&lt;/a&gt;"
}</content>
  <iscustomizable>1</iscustomizable>
  <name>Mobile Header</name>
  <powerpagecomponenttype>7</powerpagecomponenttype>
  <powerpagesiteid>
    <powerpagesiteid>0e7159e0-e541-4d95-a15a-0c585782608b</powerpagesiteid>
  </powerpagesiteid>
  <powerpagesitelanguageid>
    <powerpagesitelanguageid>e40fcc8d-d85c-4f43-877a-8d8317c22595</powerpagesitelanguageid>
  </powerpagesitelanguageid>
  <statecode>0</statecode>
  <statuscode>1</statuscode>
</powerpagecomponent>