<powerpagecomponent powerpagecomponentid="3a149e08-745a-4634-802c-26027b5ea26c">
  <content>{"enabletracking":false,"excludefromsearch":false,"hiddenfromsitemap":false,"parentpageid":"ce22aa4c-3660-4ff1-82f9-fc80d8854561","partialurl":"Logo-sm-64.png","publishingstateid":"03266b8e-8e94-43f7-ab73-71a3004533d5"}</content>
  <filecontent mimetype="application/octet-stream">Logo-sm-64.png</filecontent>
  <iscustomizable>1</iscustomizable>
  <name>Logo-sm-64.png</name>
  <powerpagecomponenttype>3</powerpagecomponenttype>
  <powerpagesiteid>
    <powerpagesiteid>0e7159e0-e541-4d95-a15a-0c585782608b</powerpagesiteid>
  </powerpagesiteid>
  <statecode>0</statecode>
  <statuscode>1</statuscode>
</powerpagecomponent>