<powerpagesites>
  <powerpagesite powerpagesiteid="0e7159e0-e541-4d95-a15a-0c585782608b">
    <content>{
  "defaultlanguage": "e40fcc8d-d85c-4f43-877a-8d8317c22595",
  "footerwebtemplateid": "cb460d5d-3186-457b-bb5e-24d61b2c8691",
  "website_language": 1046,
  "headerwebtemplateid": "1a5ef0b8-49f9-40fb-a745-624ab57cc8ce"
}</content>
    <datamodelversion>2.0</datamodelversion>
    <iscustomizable>1</iscustomizable>
    <name>Alfred News - alfred-news</name>
    <primarydomainname>alfred-news.powerappsportals.com</primarydomainname>
    <statecode>0</statecode>
    <statuscode>1</statuscode>
  </powerpagesite>
</powerpagesites>