<powerpagesitelanguages>
  <powerpagesitelanguage powerpagesitelanguageid="e40fcc8d-d85c-4f43-877a-8d8317c22595">
    <content>{"publishingstate":"03266b8e-8e94-43f7-ab73-71a3004533d5","systemlanguage":1046}</content>
    <displayname>português (Brasil)</displayname>
    <iscustomizable>1</iscustomizable>
    <languagecode>pt-BR</languagecode>
    <lcid>1046</lcid>
    <name>Portuguese - Brazil</name>
    <powerpagesiteid>
      <powerpagesiteid>0e7159e0-e541-4d95-a15a-0c585782608b</powerpagesiteid>
    </powerpagesiteid>
    <statecode>0</statecode>
    <statuscode>1</statuscode>
  </powerpagesitelanguage>
</powerpagesitelanguages>