<powerpagecomponent powerpagecomponentid="bbf7eb0e-2f33-483a-8002-d8eae729007e">
  <content>{"description":"Um valor verdadeiro ou falso. Se definido como verdadeiro, a conta local será marcada como preterida. O usuário do portal receberá uma solicitação para migrar para uma conta não preterida.","value":"False"}</content>
  <iscustomizable>1</iscustomizable>
  <name>Authentication/Registration/LocalLoginDeprecated</name>
  <powerpagecomponenttype>9</powerpagecomponenttype>
  <powerpagesiteid>
    <powerpagesiteid>0e7159e0-e541-4d95-a15a-0c585782608b</powerpagesiteid>
  </powerpagesiteid>
  <statecode>0</statecode>
  <statuscode>1</statuscode>
</powerpagecomponent>