<powerpagecomponent powerpagecomponentid="70e1e2a7-d429-4ef4-bd33-a42d114c499a">
  <content>{"display_name":"Contagem de Pesquisa/Resultados","value":"{{ current_page }} - {{ page_size }} de {{ searchindex.approximate_total_hits }} Resultados"}</content>
  <iscustomizable>1</iscustomizable>
  <name>Search/ResultsCount</name>
  <powerpagecomponenttype>7</powerpagecomponenttype>
  <powerpagesiteid>
    <powerpagesiteid>0e7159e0-e541-4d95-a15a-0c585782608b</powerpagesiteid>
  </powerpagesiteid>
  <powerpagesitelanguageid>
    <powerpagesitelanguageid>e40fcc8d-d85c-4f43-877a-8d8317c22595</powerpagesitelanguageid>
  </powerpagesitelanguageid>
  <statecode>0</statecode>
  <statuscode>1</statuscode>
</powerpagecomponent>