<powerpagecomponent powerpagecomponentid="cbecf0c2-39b4-45f8-afde-3d1c4d128be1">
  <content>{"description":"Configuração de site que determina se o código de idioma será incluído na URL do portal.","value":"False"}</content>
  <iscustomizable>1</iscustomizable>
  <name>MultiLanguage/DisplayLanguageCodeInURL</name>
  <powerpagecomponenttype>9</powerpagecomponenttype>
  <powerpagesiteid>
    <powerpagesiteid>0e7159e0-e541-4d95-a15a-0c585782608b</powerpagesiteid>
  </powerpagesiteid>
  <statecode>0</statecode>
  <statuscode>1</statuscode>
</powerpagecomponent>