<powerpagecomponent powerpagecomponentid="5c690d04-4095-4b4a-8c13-243b02c66839">
  <content>{"description":"Configuração do site que controla o nível de hierarquia da página da Web que é clonada em um idioma com suporte recém-adicionado. Os conjuntos de links da Web e trechos de conteúdo são clonados no idioma recém-adicionado quando páginas da Web são clonadas.","value":"3"}</content>
  <iscustomizable>1</iscustomizable>
  <name>MultiLanguage/MaximumDepthToClone</name>
  <powerpagecomponenttype>9</powerpagecomponenttype>
  <powerpagesiteid>
    <powerpagesiteid>0e7159e0-e541-4d95-a15a-0c585782608b</powerpagesiteid>
  </powerpagesiteid>
  <statecode>0</statecode>
  <statuscode>1</statuscode>
</powerpagecomponent>