<powerpagecomponent powerpagecomponentid="cd20e54b-137b-4a46-ab6b-9ba9aeec068d">
  <content>{"description":"Um valor verdadeiro ou falso. Se definido como verdadeiro, o portal exibirá os termos e condições do site. Os usuários devem concordar com os termos e condições para que sejam considerados autenticados e possam usar o site.","value":"false"}</content>
  <iscustomizable>1</iscustomizable>
  <name>Authentication/Registration/TermsAgreementEnabled</name>
  <powerpagecomponenttype>9</powerpagecomponenttype>
  <powerpagesiteid>
    <powerpagesiteid>0e7159e0-e541-4d95-a15a-0c585782608b</powerpagesiteid>
  </powerpagesiteid>
  <statecode>0</statecode>
  <statuscode>1</statuscode>
</powerpagecomponent>