<powerpagecomponent powerpagecomponentid="354ecabf-902d-446f-92df-0d87fcbe4c05">
  <content>{"description":"O número padrão de tentativas de logon não autenticado de um endereço IP antes de o endereço IP ser bloqueado para Authentication/LoginThrottling/IpAddressTimeoutTimeSpan, se as tentativas ocorrerem no intervalo de tempo de Authentication/LoginThrottling/MaxAttemptsTimeLimitTimeSpan. Padrão: 1000","value":"1000"}</content>
  <iscustomizable>1</iscustomizable>
  <name>Authentication/LoginThrottling/MaxInvaildAttemptsFromIPAddress</name>
  <powerpagecomponenttype>9</powerpagecomponenttype>
  <powerpagesiteid>
    <powerpagesiteid>0e7159e0-e541-4d95-a15a-0c585782608b</powerpagesiteid>
  </powerpagesiteid>
  <statecode>0</statecode>
  <statuscode>1</statuscode>
</powerpagecomponent>