<powerpagecomponent powerpagecomponentid="44097a94-5af4-49fc-9c1c-51af70da0e17">
  <content>{"description":"Um valor de data/hora no formato GMT para representar a data de efetivação dos termos e condições atuais publicados. Se o contrato dos termos estiver habilitado, os usuários do portal que não tiverem aceitado os termos após essa data receberão uma solicitação para aceitá-los na próxima vez que entrarem no serviço. Se a data não foi fornecida e o contrato dos termos estiver habilitado, os termos serão apresentados sempre que os usuários entrarem no portal."}</content>
  <iscustomizable>1</iscustomizable>
  <name>Authentication/Registration/TermsPublicationDate</name>
  <powerpagecomponenttype>9</powerpagecomponenttype>
  <powerpagesiteid>
    <powerpagesiteid>0e7159e0-e541-4d95-a15a-0c585782608b</powerpagesiteid>
  </powerpagesiteid>
  <statecode>0</statecode>
  <statuscode>1</statuscode>
</powerpagecomponent>