<powerpagecomponent powerpagecomponentid="7fa4afc0-6ae1-437d-bab3-b285b9453d00">
  <content>{"displayorder":2,"enabletracking":false,"excludefromsearch":true,"hiddenfromsitemap":false,"parentpageid":"ce22aa4c-3660-4ff1-82f9-fc80d8854561","partialurl":"theme.css","publishingstateid":"03266b8e-8e94-43f7-ab73-71a3004533d5"}</content>
  <filecontent mimetype="application/octet-stream">theme.css</filecontent>
  <iscustomizable>1</iscustomizable>
  <name>theme.css</name>
  <powerpagecomponenttype>3</powerpagecomponenttype>
  <powerpagesiteid>
    <powerpagesiteid>0e7159e0-e541-4d95-a15a-0c585782608b</powerpagesiteid>
  </powerpagesiteid>
  <statecode>0</statecode>
  <statuscode>1</statuscode>
</powerpagecomponent>