<powerpagecomponent powerpagecomponentid="776346a2-efa2-4465-a082-fcd9eb5e3ef2">
  <content>{
  "disablepagevalidation": false,
  "displayimageonly": true,
  "displayorder": 1,
  "displaypagechildlinks": false,
  "openinnewwindow": false,
  "pageid": "ce22aa4c-3660-4ff1-82f9-fc80d8854561",
  "publishingstateid": "03266b8e-8e94-43f7-ab73-71a3004533d5",
  "robotsfollowlink": true,
  "weblinksetid": "4c4c8752-c207-4763-8d3c-afd5388c6c29",
  "imageurl": ".fa.fa-home"
}</content>
  <iscustomizable>1</iscustomizable>
  <name>Página inicial</name>
  <powerpagecomponenttype>5</powerpagecomponenttype>
  <powerpagesiteid>
    <powerpagesiteid>0e7159e0-e541-4d95-a15a-0c585782608b</powerpagesiteid>
  </powerpagesiteid>
  <statecode>0</statecode>
  <statuscode>1</statuscode>
</powerpagecomponent>