<powerpagecomponent powerpagecomponentid="6e1d2f04-3f51-4b21-a4a5-e2641df9fdfc">
  <content>{"createdOn":"2023-11-09T04:44:39.824Z","parentpageid":"ce22aa4c-3660-4ff1-82f9-fc80d8854561","publishingstateid":"03266b8e-8e94-43f7-ab73-71a3004533d5","partialurl":"imageLogo.png","title":"","summary":"","enabletracking":false,"excludefromsearch":false,"hiddenfromsitemap":false}</content>
  <filecontent mimetype="image/png">imageLogo.png</filecontent>
  <iscustomizable>1</iscustomizable>
  <name>imageLogo.png</name>
  <powerpagecomponenttype>3</powerpagecomponenttype>
  <powerpagesiteid>
    <powerpagesiteid>0e7159e0-e541-4d95-a15a-0c585782608b</powerpagesiteid>
  </powerpagesiteid>
  <statecode>0</statecode>
  <statuscode>1</statuscode>
</powerpagecomponent>