<powerpagecomponent powerpagecomponentid="d4ef5a7e-bba5-4109-98d0-a6df0ccc32cc">
  <content>{"display_name":"Pesquisa/Nenhum Resultado","value":"Nenhum resultado encontrado."}</content>
  <iscustomizable>1</iscustomizable>
  <name>Search/NoResults</name>
  <powerpagecomponenttype>7</powerpagecomponenttype>
  <powerpagesiteid>
    <powerpagesiteid>0e7159e0-e541-4d95-a15a-0c585782608b</powerpagesiteid>
  </powerpagesiteid>
  <powerpagesitelanguageid>
    <powerpagesitelanguageid>e40fcc8d-d85c-4f43-877a-8d8317c22595</powerpagesitelanguageid>
  </powerpagesitelanguageid>
  <statecode>0</statecode>
  <statuscode>1</statuscode>
</powerpagecomponent>