<powerpagecomponent powerpagecomponentid="d32aff50-f4c2-461d-a9da-572d1e942758">
  <content>{"adx_webpageaccesscontrolrule_webrole":["7d6de95e-c04d-4580-ac51-035b993fd52d"],"right":1,"webpageid":"ce22aa4c-3660-4ff1-82f9-fc80d8854561"}</content>
  <iscustomizable>1</iscustomizable>
  <name>Conceder Alteração para Administradores</name>
  <powerpagecomponenttype>10</powerpagecomponenttype>
  <powerpagesiteid>
    <powerpagesiteid>0e7159e0-e541-4d95-a15a-0c585782608b</powerpagesiteid>
  </powerpagesiteid>
  <statecode>0</statecode>
  <statuscode>1</statuscode>
</powerpagecomponent>