<powerpagecomponent powerpagecomponentid="837701e2-35d7-45e6-b1ef-453fba2a6563">
  <content>{"display_name":"Navegação de Perfil"}</content>
  <iscustomizable>1</iscustomizable>
  <name>Profile Navigation</name>
  <powerpagecomponenttype>4</powerpagecomponenttype>
  <powerpagesiteid>
    <powerpagesiteid>0e7159e0-e541-4d95-a15a-0c585782608b</powerpagesiteid>
  </powerpagesiteid>
  <powerpagesitelanguageid>
    <powerpagesitelanguageid>e40fcc8d-d85c-4f43-877a-8d8317c22595</powerpagesitelanguageid>
  </powerpagesitelanguageid>
  <statecode>0</statecode>
  <statuscode>1</statuscode>
</powerpagecomponent>