<powerpagecomponent powerpagecomponentid="812fc2a6-d3ff-41ab-8f08-8b325e0b21a0">
  <content>{"copy":"&lt;p&gt;Forneça algumas informações sobre você.&lt;/p&gt;\r\n\r\n&lt;p&gt;O &lt;strong&gt;Nome&lt;/strong&gt; e o &lt;strong&gt;Sobrenome&lt;/strong&gt; que você fornecer serão exibidos junto a comentários, postagens em fóruns ou em opiniões que você publicar no site.&lt;/p&gt;\r\n\r\n&lt;p&gt;O &lt;strong&gt;Endereço de Email&lt;/strong&gt; e o &lt;strong&gt;Número de telefone&lt;/strong&gt; não serão exibidos no site.&lt;/p&gt;\r\n\r\n&lt;p&gt;Sua &lt;strong&gt;Organização&lt;/strong&gt; e o &lt;strong&gt;Cargo&lt;/strong&gt; são opcionais. Eles serão exibidos com seus comentários e em postagens em fóruns.&lt;/p&gt;","enablerating":false,"enabletracking":false,"excludefromsearch":false,"hiddenfromsitemap":true,"isroot":false,"pagetemplateid":"4849ae4b-1d3c-4e5f-8690-7b469fe6f3e5","parentpageid":"ce22aa4c-3660-4ff1-82f9-fc80d8854561","partialurl":"profile","publishingstateid":"03266b8e-8e94-43f7-ab73-71a3004533d5","rootwebpageid":"c2931c24-f329-4c31-91e1-7b8e77915d4e","sharedpageconfiguration":false,"title":"Perfil"}</content>
  <iscustomizable>1</iscustomizable>
  <name>Perfil</name>
  <powerpagecomponenttype>2</powerpagecomponenttype>
  <powerpagesiteid>
    <powerpagesiteid>0e7159e0-e541-4d95-a15a-0c585782608b</powerpagesiteid>
  </powerpagesiteid>
  <powerpagesitelanguageid>
    <powerpagesitelanguageid>e40fcc8d-d85c-4f43-877a-8d8317c22595</powerpagesitelanguageid>
  </powerpagesitelanguageid>
  <searchcontent>Perfil&lt;p&gt;Forneça algumas informações sobre você.&lt;/p&gt;

&lt;p&gt;O &lt;strong&gt;Nome&lt;/strong&gt; e o &lt;strong&gt;Sobrenome&lt;/strong&gt; que você fornecer serão exibidos junto a comentários, postagens em fóruns ou em opiniões que você publicar no site.&lt;/p&gt;

&lt;p&gt;O &lt;strong&gt;Endereço de Email&lt;/strong&gt; e o &lt;strong&gt;Número de telefone&lt;/strong&gt; não serão exibidos no site.&lt;/p&gt;

&lt;p&gt;Sua &lt;strong&gt;Organização&lt;/strong&gt; e o &lt;strong&gt;Cargo&lt;/strong&gt; são opcionais. Eles serão exibidos com seus comentários e em postagens em fóruns.&lt;/p&gt;Perfil</searchcontent>
  <statecode>0</statecode>
  <statuscode>1</statuscode>
</powerpagecomponent>