<powerpagecomponent powerpagecomponentid="9f4471d7-443d-bae9-7952-d0624e243221">
  <content>{"createdOn":"2023-11-09T04:43:41.068Z","parentpageid":"ce22aa4c-3660-4ff1-82f9-fc80d8854561","publishingstateid":"03266b8e-8e94-43f7-ab73-71a3004533d5","partialurl":"GREY-1.scss","title":"","summary":"GREY_DESCRIPTION","enabletracking":false,"excludefromsearch":false,"hiddenfromsitemap":false}</content>
  <filecontent mimetype="application/octet-stream">GREY%20(1)</filecontent>
  <iscustomizable>1</iscustomizable>
  <name>GREY (1)</name>
  <powerpagecomponenttype>3</powerpagecomponenttype>
  <powerpagesiteid>
    <powerpagesiteid>0e7159e0-e541-4d95-a15a-0c585782608b</powerpagesiteid>
  </powerpagesiteid>
  <statecode>0</statecode>
  <statuscode>1</statuscode>
</powerpagecomponent>