<powerpagecomponent powerpagecomponentid="9950e153-7bcd-4438-a8dc-8ba32c7bd307">
  <content>{"createdOn":"2023-11-09T04:44:59.387Z","parentpageid":"ce22aa4c-3660-4ff1-82f9-fc80d8854561","publishingstateid":"03266b8e-8e94-43f7-ab73-71a3004533d5","partialurl":"thumbnail.css","title":"","summary":"","enabletracking":false,"excludefromsearch":false,"hiddenfromsitemap":false,"displayorder":-1}</content>
  <filecontent mimetype="text/css">thumbnail.css</filecontent>
  <iscustomizable>1</iscustomizable>
  <name>thumbnail.css</name>
  <powerpagecomponenttype>3</powerpagecomponenttype>
  <powerpagesiteid>
    <powerpagesiteid>0e7159e0-e541-4d95-a15a-0c585782608b</powerpagesiteid>
  </powerpagesiteid>
  <statecode>0</statecode>
  <statuscode>1</statuscode>
</powerpagecomponent>