<powerpagecomponent powerpagecomponentid="5ea80d6b-da7c-43f3-a496-f8e04c33fd11">
  <content>{
  "powerpagesitelanguageid": "e40fcc8d-d85c-4f43-877a-8d8317c22595",
  "display_name": "Rodapé",
  "type": 756150001,
  "value": "&lt;p&gt;&lt;span&gt;Copyright © &lt;/span&gt;{{ now | date: 'yyyy' }}&lt;span&gt;. Todos os direitos reservados.&lt;/span&gt;&lt;/p&gt;\n"
}</content>
  <iscustomizable>1</iscustomizable>
  <name>Footer</name>
  <powerpagecomponenttype>7</powerpagecomponenttype>
  <powerpagesiteid>
    <powerpagesiteid>0e7159e0-e541-4d95-a15a-0c585782608b</powerpagesiteid>
  </powerpagesiteid>
  <powerpagesitelanguageid>
    <powerpagesitelanguageid>e40fcc8d-d85c-4f43-877a-8d8317c22595</powerpagesitelanguageid>
  </powerpagesitelanguageid>
  <statecode>0</statecode>
  <statuscode>1</statuscode>
</powerpagecomponent>