<powerpagecomponent powerpagecomponentid="05b6ad7d-2764-4e07-b069-c6b05e73f2ac">
  <content>{"description":"Intervalo de tempo que o endereço IP terá de aguardar se Authentication/LoginThrottling/MaxInvaildAttemptsFromIPAddress ocorrer no intervalo de tempo de Authentication/LoginThrottling/MaxAttemptsTimeLimitTimeSpan. Padrão: 00:10:00 (10 min)","value":"00:10:00"}</content>
  <iscustomizable>1</iscustomizable>
  <name>Authentication/LoginThrottling/IpAddressTimeoutTimeSpan</name>
  <powerpagecomponenttype>9</powerpagecomponenttype>
  <powerpagesiteid>
    <powerpagesiteid>0e7159e0-e541-4d95-a15a-0c585782608b</powerpagesiteid>
  </powerpagesiteid>
  <statecode>0</statecode>
  <statuscode>1</statuscode>
</powerpagecomponent>