<powerpagecomponent powerpagecomponentid="701145ad-eb9a-9d7f-669b-5045da8ebb9c">
  <content>{
  "powerpagesitelanguageid": "e40fcc8d-d85c-4f43-877a-8d8317c22595",
  "type": 756150000,
  "display_name": "Logo alt text",
  "value": "Alfred News"
}</content>
  <iscustomizable>1</iscustomizable>
  <name>Logo alt text</name>
  <powerpagecomponenttype>7</powerpagecomponenttype>
  <powerpagesiteid>
    <powerpagesiteid>0e7159e0-e541-4d95-a15a-0c585782608b</powerpagesiteid>
  </powerpagesiteid>
  <powerpagesitelanguageid>
    <powerpagesitelanguageid>e40fcc8d-d85c-4f43-877a-8d8317c22595</powerpagesitelanguageid>
  </powerpagesitelanguageid>
  <statecode>0</statecode>
  <statuscode>1</statuscode>
</powerpagecomponent>