<powerpagecomponent powerpagecomponentid="5ba5a91c-d010-486f-b35e-35eec39599bc">
  <content>{"description":"Controles de configuração que determinam se os anexos serão exibidos nos Artigos de conhecimento","value":"false"}</content>
  <iscustomizable>1</iscustomizable>
  <name>KnowledgeManagement/DisplayNotes</name>
  <powerpagecomponenttype>9</powerpagecomponenttype>
  <powerpagesiteid>
    <powerpagesiteid>0e7159e0-e541-4d95-a15a-0c585782608b</powerpagesiteid>
  </powerpagesiteid>
  <statecode>0</statecode>
  <statuscode>1</statuscode>
</powerpagecomponent>