<powerpagecomponent powerpagecomponentid="c10fb56a-a125-4129-b8d0-01c8f169cf47">
  <content>{"description":"Determina se o modelo da Web de cabeçalho tem saída em cache.","value":"True"}</content>
  <iscustomizable>1</iscustomizable>
  <name>Header/OutputCache/Enabled</name>
  <powerpagecomponenttype>9</powerpagecomponenttype>
  <powerpagesiteid>
    <powerpagesiteid>0e7159e0-e541-4d95-a15a-0c585782608b</powerpagesiteid>
  </powerpagesiteid>
  <statecode>0</statecode>
  <statuscode>1</statuscode>
</powerpagecomponent>