<powerpagecomponent powerpagecomponentid="39a6497c-5480-48d7-b52f-4ef60b733b4d">
  <content>{
  "description": "Habilita ou desabilita o Azure AD como um provedor de identidade externo. Por padrão, a opção é definida como verdadeira.",
  "value": "false"
}</content>
  <iscustomizable>1</iscustomizable>
  <name>Authentication/Registration/AzureADLoginEnabled</name>
  <powerpagecomponenttype>9</powerpagecomponenttype>
  <powerpagesiteid>
    <powerpagesiteid>0e7159e0-e541-4d95-a15a-0c585782608b</powerpagesiteid>
  </powerpagesiteid>
  <statecode>0</statecode>
  <statuscode>1</statuscode>
</powerpagecomponent>