<powerpagecomponent powerpagecomponentid="ba794c36-d319-4a05-96ff-449f0393a8bf">
  <content>{"description":"Habilitar esta configuração mostrará todas as atividades do cliente na linha do tempo do portal.","value":"false"}</content>
  <iscustomizable>1</iscustomizable>
  <name>CustomerSupport/DisplayAllUserActivitiesOnTimeline</name>
  <powerpagecomponenttype>9</powerpagecomponenttype>
  <powerpagesiteid>
    <powerpagesiteid>0e7159e0-e541-4d95-a15a-0c585782608b</powerpagesiteid>
  </powerpagesiteid>
  <statecode>0</statecode>
  <statuscode>1</statuscode>
</powerpagecomponent>