<powerpagecomponent powerpagecomponentid="4ac9a115-ac69-4d13-8aaa-8ae919defc4f">
  <content>{"enablerating":false,"enabletracking":false,"excludefromsearch":true,"hiddenfromsitemap":true,"isroot":true,"pagetemplateid":"476500fa-b687-4e6b-9652-16f3cf7ac831","parentpageid":"ce22aa4c-3660-4ff1-82f9-fc80d8854561","partialurl":"page-not-found","publishingstateid":"03266b8e-8e94-43f7-ab73-71a3004533d5","sharedpageconfiguration":false,"title":""}</content>
  <iscustomizable>1</iscustomizable>
  <name>Página Não Encontrada</name>
  <powerpagecomponenttype>2</powerpagecomponenttype>
  <powerpagesiteid>
    <powerpagesiteid>0e7159e0-e541-4d95-a15a-0c585782608b</powerpagesiteid>
  </powerpagesiteid>
  <searchcontent>Página Não Encontrada</searchcontent>
  <statecode>0</statecode>
  <statuscode>1</statuscode>
</powerpagecomponent>