<powerpagecomponent powerpagecomponentid="499511b8-f6e4-47ad-9c5c-b488976ade63">
  <content>{"enabletracking":false,"excludefromsearch":false,"hiddenfromsitemap":false,"parentpageid":"ce22aa4c-3660-4ff1-82f9-fc80d8854561","partialurl":"Cat-PC.png","publishingstateid":"03266b8e-8e94-43f7-ab73-71a3004533d5"}</content>
  <filecontent mimetype="application/octet-stream">Cat-PC.png</filecontent>
  <iscustomizable>1</iscustomizable>
  <name>Cat-PC.png</name>
  <powerpagecomponenttype>3</powerpagecomponenttype>
  <powerpagesiteid>
    <powerpagesiteid>0e7159e0-e541-4d95-a15a-0c585782608b</powerpagesiteid>
  </powerpagesiteid>
  <statecode>0</statecode>
  <statuscode>1</statuscode>
</powerpagecomponent>